{"stats":{"minecraft:mined":{"minecraft:oak_leaves":2},"minecraft:custom":{"minecraft:jump":45,"minecraft:intelligence":0,"minecraft:time_since_rest":16870,"minecraft:energy":1040,"minecraft:blood":0,"minecraft:leave_game":1,"minecraft:magic_shield":0,"minecraft:move_speed":0,"minecraft:health":1060,"minecraft:play_time":16870,"minecraft:sprint_one_cm":16,"minecraft:time_since_death":16870,"minecraft:walk_on_water_one_cm":281,"minecraft:walk_one_cm":10346,"minecraft:strength":0,"minecraft:total_world_time":16870,"minecraft:levels_gained":999999,"minecraft:mana":1040,"minecraft:fall_one_cm":1428,"minecraft:fly_one_cm":52,"minecraft:dexterity":0}},"DataVersion":3465}