{"stats":{"minecraft:custom":{"minecraft:time_since_rest":154637,"minecraft:crouch_one_cm":1432,"minecraft:play_time":154637,"minecraft:sprint_one_cm":114103,"minecraft:walk_one_cm":83663,"minecraft:sneak_time":3455,"minecraft:walk_under_water_one_cm":66411,"minecraft:drop":1,"minecraft:jump":337,"minecraft:leave_game":10,"minecraft:time_since_death":154637,"minecraft:walk_on_water_one_cm":4475,"minecraft:total_world_time":154637,"minecraft:fall_one_cm":269,"minecraft:fly_one_cm":1009403},"minecraft:picked_up":{"minecraft:wheat":5,"minecraft:bone":3,"minecraft:pumpkin_seeds":1,"minecraft:arrow":1,"minecraft:rotten_flesh":17,"born_in_chaos_v1:wood_splitter_axe":1,"minecraft:torch":11,"minecraft:acacia_log":1,"minecraft:gravel":1,"minecraft:bedrock":1,"minecraft:amethyst_shard":2,"minecraft:golden_apple":2,"cobblemon:big_root":1,"minecraft:gunpowder":3,"born_in_chaos_v1:rotten_fish":1,"minecraft:mutton":1,"minecraft:string":2},"minecraft:used":{"minecraft:torch":535,"cobblemon:pc":6,"minecraft:bedrock":8,"minecraft:dirt":1,"minecraft:stone":54,"cobblemon:healing_machine":5,"minecraft:deepslate":8},"minecraft:dropped":{"minecraft:bedrock":1}},"DataVersion":3465}