{"stats":{"minecraft:used":{"minecraft:oak_trapdoor":4,"minecraft:ladder":1,"minecraft:stone":62,"minecraft:cooked_chicken":2,"minecraft:torch":19,"minecraft:dirt":59,"cobblemon:yellow_apricorn":12,"minecraft:spruce_stairs":3,"cobblemon:pink_apricorn":12,"minecraft:spruce_fence":105,"minecraft:stripped_spruce_log":6,"cobblemon:black_apricorn":12,"minecraft:iron_axe":49,"minecraft:grass_block":69,"cobblemon:pc":1,"minecraft:bedrock":2,"minecraft:sweet_berries":8,"minecraft:oak_sapling":1,"minecraft:furnace":3,"minecraft:egg":2,"minecraft:golden_axe":33,"minecraft:wheat_seeds":37,"minecraft:cooked_mutton":5,"minecraft:stone_pickaxe":306,"minecraft:oak_planks":1,"minecraft:wooden_pickaxe":59,"cobblemon:roasted_leek":5,"minecraft:crafting_table":8,"minecraft:white_bed":2,"cobblemon:black_apricorn_seed":2,"cobblemon:yellow_apricorn_seed":2,"minecraft:campfire":3,"cobblemon:white_apricorn_seed":1,"minecraft:shears":29,"cobblemon:healing_machine":3,"cobblemon:white_apricorn":12,"minecraft:oak_log":9,"cobblemon:green_apricorn":12,"cobblemon:apricorn_leaves":90,"minecraft:apple":4,"cobblemon:apricorn_log":18,"minecraft:sunflower":5,"minecraft:bread":14,"minecraft:iron_pickaxe":122,"minecraft:spruce_trapdoor":2,"cobblemon:blue_apricorn":12,"minecraft:deepslate":76,"minecraft:cobblestone":5,"cobblemon:red_apricorn_seed":2,"born_in_chaos_v1:river_mint":1,"minecraft:cooked_porkchop":3,"minecraft:cooked_rabbit":3,"cobblemon:red_apricorn":126,"minecraft:coarse_dirt":2,"minecraft:experience_bottle":2},"minecraft:dropped":{"minecraft:wheat_seeds":74,"minecraft:feather":2,"minecraft:cobblestone":139,"minecraft:dirt":14,"cobblemon:apricorn_log":34,"minecraft:wooden_axe":2,"minecraft:string":1,"minecraft:wheat":1,"cobblemon:charti_berry":1,"minecraft:rotten_flesh":10,"cobblemon:apricorn_planks":1,"megamons:mega_cuff":1,"minecraft:rabbit_hide":1,"minecraft:potato":1,"cobblemon:apricorn_leaves":5,"minecraft:spider_eye":2,"minecraft:arrow":1,"minecraft:egg":1},"minecraft:custom":{"minecraft:mob_kills":16,"minecraft:interact_with_crafting_table":42,"minecraft:interact_with_campfire":18,"minecraft:leave_game":5,"minecraft:time_since_death":167549,"minecraft:climb_one_cm":11352,"minecraft:sprint_one_cm":454853,"minecraft:walk_one_cm":457913,"minecraft:drop":36,"minecraft:play_time":355292,"minecraft:deaths":3,"minecraft:sneak_time":7425,"minecraft:walk_under_water_one_cm":65191,"minecraft:jump":2095,"minecraft:walk_on_water_one_cm":39697,"minecraft:total_world_time":355292,"minecraft:interact_with_furnace":27,"minecraft:sleep_in_bed":10,"minecraft:time_since_rest":88340,"minecraft:damage_taken":2035,"minecraft:trigger_trapped_chest":1,"minecraft:damage_dealt":2305,"minecraft:swim_one_cm":11009,"minecraft:fly_one_cm":1555605,"minecraft:open_chest":37,"minecraft:crouch_one_cm":9771,"minecraft:fall_one_cm":35272},"minecraft:mined":{"create:zinc_ore":27,"minecraft:white_bed":2,"cobblemon:apricorn_log":61,"minecraft:ladder":1,"minecraft:grass_block":9,"minecraft:spruce_fence":3,"minecraft:decorated_pot":3,"minecraft:crimson_roots":1,"minecraft:furnace":2,"minecraft:fire":9,"born_in_chaos_v1:black_argillite_brick_stairs":2,"cobblemon:medicinal_leek":14,"cobblemon:red_apricorn":1,"minecraft:vine":9,"minecraft:stone":342,"minecraft:crafting_table":6,"minecraft:torch":1,"cobblemon:apricorn_leaves":102,"minecraft:campfire":2,"minecraft:tall_grass":2,"minecraft:copper_ore":25,"minecraft:cobblestone":2,"born_in_chaos_v1:chipped_black_argillite_brick":1,"cobblemon:oran_berry":1,"cobblemon:relic_coin_pouch":6,"minecraft:wall_torch":3,"minecraft:spruce_stairs":1,"minecraft:coarse_dirt":1,"minecraft:wheat":37,"born_in_chaos_v1:river_mint":1,"minecraft:mangrove_leaves":6,"minecraft:grass":18,"minecraft:oak_log":22,"minecraft:coal_ore":30,"minecraft:dirt":13,"minecraft:oak_leaves":32},"minecraft:picked_up":{"minecraft:wooden_axe":1,"minecraft:charcoal":4,"minecraft:crafting_table":6,"minecraft:coarse_dirt":2,"minecraft:wheat":37,"born_in_chaos_v1:river_mint":1,"minecraft:chicken":2,"minecraft:ladder":1,"minecraft:clay_ball":4,"minecraft:prismarine_shard":4,"cobblemon:yellow_apricorn":17,"minecraft:lead":1,"cobblemon:red_apricorn":213,"cobblemon:charti_berry":1,"minecraft:cooked_rabbit":3,"cobblemon:wepear_berry":14,"minecraft:string":1,"minecraft:raw_copper":89,"cobblemon:white_apricorn":7,"cobblemon:green_apricorn":7,"cobblemon:white_apricorn_seed":1,"minecraft:beef":3,"cobblemon:relic_coin":33,"minecraft:furnace":2,"minecraft:egg":3,"minecraft:stick":20,"cobblemon:apricorn_log":61,"minecraft:copper_ingot":3,"minecraft:torch":14,"minecraft:spruce_stairs":2,"minecraft:spruce_fence":3,"minecraft:porkchop":5,"minecraft:carrot":1,"born_in_chaos_v1:black_argillite_brick_stairs":2,"create:zinc_ingot":1,"minecraft:arrow":1,"minecraft:rotten_flesh":10,"minecraft:decorated_pot":3,"minecraft:mutton":7,"cobblemon:blue_apricorn":12,"minecraft:white_wool":3,"minecraft:cobblestone":345,"minecraft:air":0,"minecraft:feather":2,"minecraft:glow_ink_sac":3,"minecraft:brown_wool":2,"minecraft:leather":2,"minecraft:potato":1,"cobblemon:razz_berry":17,"cobblemon:roseate_ball":1,"megamons:mega_cuff":1,"create:raw_zinc":27,"minecraft:oak_log":22,"minecraft:gunpowder":2,"minecraft:dirt":40,"minecraft:cooked_mutton":5,"minecraft:bone":2,"cobblemon:black_apricorn":37,"cobblemon:roasted_leek":5,"minecraft:wheat_seeds":102,"minecraft:rabbit_hide":1,"minecraft:cooked_chicken":2,"minecraft:rabbit":4,"cobblemon:chilan_berry":1,"cobblemon:red_apricorn_seed":22,"minecraft:cooked_porkchop":3,"minecraft:sweet_berries":11,"cobblemon:black_apricorn_seed":3,"cobblemon:cheri_berry":1,"cobblemon:yellow_apricorn_seed":2,"minecraft:stripped_spruce_log":1,"cobblemon:persim_berry":17,"cobblemon:pink_apricorn":8,"minecraft:white_bed":2,"minecraft:spider_eye":2,"cobblemon:shuca_berry":5,"cobblemon:poke_ball":4,"cobblemon:medicinal_leek":31,"minecraft:oak_sapling":1,"cobblemon:apricorn_leaves":8,"minecraft:coal":52,"minecraft:crimson_roots":1},"minecraft:broken":{"minecraft:wooden_pickaxe":1,"minecraft:stone_pickaxe":2,"minecraft:golden_axe":1},"minecraft:killed_by":{"born_in_chaos_v1:barrel_zombie":1,"minecraft:zombie":1},"minecraft:crafted":{"minecraft:oak_planks":28,"cobblemon:slate_ball":12,"cobblemon:apricorn_planks":4,"minecraft:furnace":1,"cobblemon:premier_ball":4,"cobblemon:relic_coin":27,"minecraft:oak_trapdoor":4,"minecraft:iron_axe":1,"minecraft:stone_pickaxe":3,"cobblemon:azure_ball":12,"cobblemon:citrine_ball":16,"minecraft:coal_block":1,"minecraft:crafting_table":2,"cobblemon:verdant_ball":4,"minecraft:wooden_pickaxe":1,"minecraft:copper_ingot":48,"cobblemon:roseate_ball":8,"minecraft:campfire":3,"minecraft:bread":12,"minecraft:air":0,"cobblemon:poke_ball":148,"minecraft:stick":8,"minecraft:iron_ingot":5,"minecraft:gold_ingot":5,"minecraft:white_bed":1,"cobblemon:dusk_ball":4,"create:zinc_ingot":26,"cobblemon:relic_coin_pouch":3,"cobblemon:sport_ball":4},"minecraft:killed":{"minecraft:spider":1,"minecraft:skeleton":4,"born_in_chaos_v1:barrel_zombie":1,"minecraft:creeper":1,"born_in_chaos_v1:decrepit_skeleton":1,"minecraft:sheep":3,"minecraft:zombie":3,"born_in_chaos_v1:corpse_fly":1}},"DataVersion":3465}