{
  "uuid": "03610dde-c564-3217-b208-3e46742cdc32",
  "starterPrompted": true,
  "starterLocked": false,
  "starterSelected": true,
  "starterUUID": "95060a70-9e8f-4b09-95d6-941c1b97a529",
  "keyItems": [],
  "battleTheme": "cobblemon:battle.pvp.default",
  "extraData": {},
  "advancementData": {
    "totalCaptureCount": 11,
    "totalEggsHatched": 0,
    "totalEvolvedCount": 5,
    "totalBattleVictoryCount": 9,
    "totalPvPBattleVictoryCount": 0,
    "totalPvWBattleVictoryCount": 9,
    "totalPvNBattleVictoryCount": 0,
    "totalShinyCaptureCount": 0,
    "totalTradedCount": 0,
    "totalTypeCaptureCounts": {
      "poison": 3,
      "ground": 1,
      "rock": 1,
      "normal": 3,
      "electric": 1,
      "flying": 2,
      "fire": 1,
      "ghost": 2
    },
    "totalDefeatedCounts": {
      "cobblemon:mudbray": 1,
      "cobblemon:arceus": 2,
      "cobblemon:mareep": 1,
      "cobblemon:wooloo": 1,
      "cobblemon:gastly": 1
    },
    "aspectsCollected": {}
  }
}