{
  "uuid": "03610dde-c564-3217-b208-3e46742cdc32",
  "starterPrompted": true,
  "starterLocked": false,
  "starterSelected": true,
  "starterUUID": "2d47222b-e260-4be5-9f62-b359fb88745a",
  "keyItems": [],
  "battleTheme": "cobblemon:battle.pvp.default",
  "extraData": {},
  "advancementData": {
    "totalCaptureCount": 8,
    "totalEggsHatched": 0,
    "totalEvolvedCount": 5,
    "totalBattleVictoryCount": 28,
    "totalPvPBattleVictoryCount": 0,
    "totalPvWBattleVictoryCount": 28,
    "totalPvNBattleVictoryCount": 0,
    "totalShinyCaptureCount": 0,
    "totalTradedCount": 0,
    "totalTypeCaptureCounts": {
      "normal": 6,
      "flying": 4,
      "electric": 1,
      "dark": 1
    },
    "totalDefeatedCounts": {
      "cobblemon:caterpie": 1,
      "cobblemon:taillow": 1,
      "cobblemon:seedot": 1,
      "cobblemon:sentret": 1,
      "cobblemon:hoothoot": 1,
      "cobblemon:kakuna": 1,
      "cobblemon:buneary": 1,
      "cobblemon:bunnelby": 3,
      "cobblemon:rattata": 1,
      "cobblemon:lechonk": 3,
      "cobblemon:gastly": 1,
      "cobblemon:combee": 1,
      "cobblemon:zigzagoon": 1,
      "cobblemon:bouffalant": 1,
      "cobblemon:mareep": 1,
      "cobblemon:swellow": 1
    },
    "aspectsCollected": {}
  }
}